{
  "employees": [
    {
      "id": "100",
      "name": "Baloch",
      "task": "Trash out",
      "deadline": "2021-04-03"
    },
    {
      "id": "101",
      "name": "Toni",
      "task": "Create Jarvis",
      "deadline": "2021-04-15"
    },
    {
      "id": "102",
      "name": "Hulk",
      "task": "Don't Turn Green",
      "deadline": "2021-04-10"
    },
    {
      "id": "104",
      "name": "Cap",
      "task": "With a Shield",
      "deadline": "2021-04-13"
    },
    {
      "id": "105",
      "name": "Thor",
      "task": "With an Hammer",
      "deadline": "2021-04-13"
    },
    {
      "id": "106",
      "name": "Tom",
      "task": "Complete Task Tracker",
      "deadline": "2021-04-03"
    },
    {
      "id": "107",
      "name": "Rooney",
      "task": "Score 3 goals",
      "deadline": "2021-04-07"
    },
    {
      "id": "108",
      "name": "CR7",
      "task": "Score a Hat-Trick",
      "deadline": "2021-04-04"
    },
    {
      "id": "109",
      "name": "Messi",
      "task": "Score 5 Goals",
      "deadline": "2021-04-14"
    }
  ]
}